{
  "codeSystems" : [
    {
      "url" : "http://hl7.org/fhir/days-of-week",
      "version" : "4.0.1",
      "status" : "active",
      "name" : "DaysOfWeek",
      "title" : "DaysOfWeek",
      "description" : "The days of the week.",
      "oids" : ["2.16.840.1.113883.4.642.4.513"],
      "uses" : {
      },
      "http://hl7.org/fhir/R4/valueset-days-of-week.html" : "DaysOfWeek"
    },
    {
      "url" : "http://hl7.org/fhir/location-mode",
      "version" : "4.0.1",
      "status" : "draft",
      "name" : "LocationMode",
      "title" : "LocationMode",
      "description" : "Indicates whether a resource instance represents a specific location or a class of locations.",
      "oids" : ["2.16.840.1.113883.4.642.4.331"],
      "uses" : {
      },
      "http://hl7.org/fhir/R4/valueset-location-mode.html" : "LocationMode"
    },
    {
      "url" : "http://hl7.org/fhir/location-status",
      "version" : "4.0.1",
      "status" : "draft",
      "name" : "LocationStatus",
      "title" : "LocationStatus",
      "description" : "Indicates whether the location is still in use.",
      "oids" : ["2.16.840.1.113883.4.642.4.333"],
      "uses" : {
      },
      "http://hl7.org/fhir/R4/valueset-location-status.html" : "LocationStatus"
    },
    {
      "url" : "http://terminology.hl7.org/CodeSystem/location-physical-type",
      "version" : "2.0.0",
      "status" : "draft",
      "name" : "LocationType",
      "title" : "Location type",
      "description" : "This example value set defines a set of codes that can be used to indicate the physical form of the Location.\r\rThis includes several 'non physical' codes which are still considered a location.",
      "oids" : ["2.16.840.1.113883.4.642.1.1108"],
      "uses" : {
      },
      "http://hl7.org/fhir/R4/valueset-location-physical-type.html" : "Location type"
    },
    {
      "url" : "http://terminology.hl7.org/CodeSystem/v2-0116",
      "version" : "2.0.0",
      "status" : "active",
      "name" : "BedStatus",
      "title" : "bedStatus",
      "description" : "Code system of concepts which specify the state of a bed in an inpatient setting, and is used to determine if a patient may be assigned to it or not.  Used in HL7 Version 2.x messaging in the DLD and PV1 segments.",
      "oids" : ["2.16.840.1.113883.18.47"],
      "uses" : {
      },
      "http://terminology.hl7.org/5.5.0/ValueSet-v2-0116.html" : "hl7VS-bedStatus"
    },
    {
      "url" : "http://terminology.hl7.org/CodeSystem/v3-RoleCode",
      "version" : "3.0.0",
      "status" : "active",
      "name" : "RoleCode",
      "title" : "RoleCode",
      "description" : "A set of codes further specifying the kind of Role; specific classification codes for further qualifying RoleClass codes.",
      "oids" : ["2.16.840.1.113883.5.111"],
      "uses" : {
      },
      "http://terminology.hl7.org/5.5.0/ValueSet-v3-ServiceDeliveryLocationRoleType.html" : "ServiceDeliveryLocationRoleType"
    },
    {
      "url" : "urn:ietf:bcp:47",
      "version" : "2.0.1",
      "status" : "active",
      "name" : "Ietf3066",
      "title" : "Tags for the Identification of Languages",
      "description" : "Older value from OID registry.  Superceded; see recommendations in BCP-47.",
      "oids" : ["2.16.840.1.113883.6.121"],
      "uses" : {
      },
      "http://hl7.org/fhir/R4/valueset-languages.html" : "Common Languages"
    }
  ]
}
