<?xml version="1.0" encoding="UTF-8"?>

<Location xmlns="http://hl7.org/fhir">
  <id value="Province1"/>
  <meta>
    <profile value="http://example.com/fhir/example/StructureDefinition/location-with-complex-extension"/>
  </meta>
  <text>
    <status value="extensions"/><div xmlns="http://www.w3.org/1999/xhtml"><p><b>Generated Narrative: Location </b><a name="Province1"> </a><a name="hcProvince1"> </a></p><div style="display: inline-block; background-color: #d9e0e7; padding: 6px; margin: 4px; border: 1px solid #8da1b4; border-radius: 5px; line-height: 60%"><p style="margin-bottom: 0px">ResourceLocation &quot;Province1&quot; </p><p style="margin-bottom: 0px">Profile: <a href="StructureDefinition-location-with-complex-extension.html">Location with Complex Extension</a></p></div><blockquote><p><b>Complex Location Extension</b></p><blockquote><p><b>url</b></p><code>relationshipType</code></blockquote><p><b>value</b>: partof (Details: [not stated] code partof  = ' partof , stated as  null ')</p><blockquote><p><b>url</b></p><code>relatedResource</code></blockquote><p><b>value</b>: <a href="Location-Country1.html">Location/Country1</a> &quot;Country 1&quot;</p></blockquote><p><b>name</b>: Province 1</p></div>
  </text>
  <extension url="http://example.com/fhir/example/StructureDefinition/related-location">
    <extension url="relationshipType">
      <valueCoding>
        <code value="partof"/>
      </valueCoding>
    </extension>
    <extension url="relatedResource">
      <valueReference>
        <reference value="Location/Country1"/>
      </valueReference>
    </extension>
  </extension>
  <name value="Province 1"/>
</Location>