{
  "resourceType" : "Location",
  "id" : "Country1",
  "meta" : {
    "profile" : ["http://example.com/fhir/example/StructureDefinition/location-with-complex-extension"]
  },
  "text" : {
    "status" : "generated",
    "div" : "<div xmlns=\"http://www.w3.org/1999/xhtml\"><p><b>Generated Narrative: Location </b><a name=\"Country1\"> </a><a name=\"hcCountry1\"> </a></p><div style=\"display: inline-block; background-color: #d9e0e7; padding: 6px; margin: 4px; border: 1px solid #8da1b4; border-radius: 5px; line-height: 60%\"><p style=\"margin-bottom: 0px\">ResourceLocation &quot;Country1&quot; </p><p style=\"margin-bottom: 0px\">Profile: <a href=\"StructureDefinition-location-with-complex-extension.html\">Location with Complex Extension</a></p></div><p><b>name</b>: Country 1</p></div>"
  },
  "name" : "Country 1"
}