{
  "resourceType" : "SearchParameter",
  "id" : "SP-related-location-type",
  "text" : {
    "status" : "generated",
    "div" : "<div xmlns=\"http://www.w3.org/1999/xhtml\"><h2>related-location-type</h2><p>Parameter <code>related-location-type</code>:<code>token</code></p><div><p>Search on related location type</p>\n</div><table class=\"grid\"><tr><td>Resource</td><td><a href=\"http://hl7.org/fhir/R4/bundle.html\">Bundle</a></td></tr><tr><td>Expression</td><td><code>Location.extension.where(url='http://example.com/fhir/example/StructureDefinition/related-location').extension.where(url='relationshipType').valueCoding</code></td></tr><tr><td>Multiples</td><td><ul><li>multipleAnd: It's up to the server whether the parameter may repeat in order to specify multiple values that must all be true</li><li>multipleOr: It's up to the server whether the parameter can have multiple values (separated by comma) where at least one must be true</li></ul></td></tr></table></div>"
  },
  "url" : "http://example.com/fhir/example/SearchParameter/SP-related-location-type",
  "version" : "1.0.0",
  "name" : "related-location-type",
  "status" : "active",
  "experimental" : false,
  "date" : "2024-05-20T18:17:34+00:00",
  "publisher" : "My Organization",
  "contact" : [{
    "name" : "My Organization",
    "telecom" : [{
      "system" : "url",
      "value" : "http://example.com/committees"
    },
    {
      "system" : "email",
      "value" : "my-group@example.com"
    }]
  },
  {
    "name" : "Bob Smith",
    "telecom" : [{
      "system" : "email",
      "value" : "bobsmith@example.com",
      "use" : "work"
    }]
  }],
  "description" : "Search on related location type",
  "jurisdiction" : [{
    "coding" : [{
      "system" : "http://unstats.un.org/unsd/methods/m49/m49.htm",
      "code" : "001",
      "display" : "World"
    }]
  }],
  "code" : "related-location-type",
  "base" : ["Bundle"],
  "type" : "token",
  "expression" : "Location.extension.where(url='http://example.com/fhir/example/StructureDefinition/related-location').extension.where(url='relationshipType').valueCoding"
}