{
  "codeSystems" : [
    {
      "url" : "http://example.com/fhir/example/ValueSet/vs-relationships",
      "version" : "1.0.0",
      "status" : "active",
      "name" : "VSRelationships",
      "title" : "Relationship Types",
      "description" : "A value set for relationship types.",
      "uses" : {
      },
      "StructureDefinition-related-location.html" : "Complex Location Extension"
    },
    {
      "url" : "http://hl7.org/fhir/ValueSet/days-of-week",
      "version" : "4.0.1",
      "status" : "active",
      "name" : "DaysOfWeek",
      "title" : "DaysOfWeek",
      "description" : "The days of the week.",
      "systems" : ["http://hl7.org/fhir/days-of-week"],
      "oids" : ["2.16.840.1.113883.4.642.3.512"],
      "sources" : ["2.16.840.1.113883.4.642.3.512"],
      "uses" : {
      },
      "StructureDefinition-location-with-complex-extension.html" : "Location with Complex Extension"
    },
    {
      "url" : "http://hl7.org/fhir/ValueSet/languages",
      "version" : "4.0.1",
      "status" : "draft",
      "name" : "CommonLanguages",
      "title" : "Common Languages",
      "description" : "This value set includes common codes from BCP-47 (http://tools.ietf.org/html/bcp47)",
      "systems" : ["urn:ietf:bcp:47"],
      "oids" : ["2.16.840.1.113883.4.642.3.20"],
      "sources" : ["2.16.840.1.113883.4.642.3.20"],
      "uses" : {
      },
      "StructureDefinition-location-with-complex-extension.html" : "Location with Complex Extension"
    },
    {
      "url" : "http://hl7.org/fhir/ValueSet/location-mode",
      "version" : "4.0.1",
      "status" : "draft",
      "name" : "LocationMode",
      "title" : "LocationMode",
      "description" : "Indicates whether a resource instance represents a specific location or a class of locations.",
      "systems" : ["http://hl7.org/fhir/location-mode"],
      "oids" : ["2.16.840.1.113883.4.642.3.330"],
      "sources" : ["2.16.840.1.113883.4.642.3.330"],
      "uses" : {
      },
      "StructureDefinition-location-with-complex-extension.html" : "Location with Complex Extension"
    },
    {
      "url" : "http://hl7.org/fhir/ValueSet/location-physical-type",
      "version" : "4.0.1",
      "status" : "draft",
      "name" : "LocationType",
      "title" : "Location type",
      "description" : "This example value set defines a set of codes that can be used to indicate the physical form of the Location.",
      "systems" : [
        "http://terminology.hl7.org/CodeSystem/location-physical-type"
      ],
      "oids" : ["2.16.840.1.113883.4.642.3.328"],
      "sources" : ["2.16.840.1.113883.4.642.3.328"],
      "uses" : {
      },
      "StructureDefinition-location-with-complex-extension.html" : "Location with Complex Extension"
    },
    {
      "url" : "http://hl7.org/fhir/ValueSet/location-status",
      "version" : "4.0.1",
      "status" : "draft",
      "name" : "LocationStatus",
      "title" : "LocationStatus",
      "description" : "Indicates whether the location is still in use.",
      "systems" : ["http://hl7.org/fhir/location-status"],
      "oids" : ["2.16.840.1.113883.4.642.3.332"],
      "sources" : ["2.16.840.1.113883.4.642.3.332"],
      "uses" : {
      },
      "StructureDefinition-location-with-complex-extension.html" : "Location with Complex Extension"
    },
    {
      "url" : "http://terminology.hl7.org/ValueSet/v2-0116",
      "version" : "2.0.0",
      "status" : "active",
      "name" : "Hl7VSBedStatus",
      "title" : "hl7VS-bedStatus",
      "description" : "Value Set of codes that specify the state of a bed in an inpatient setting, and is used to determine if a patient may be assigned to it or not.",
      "systems" : ["http://terminology.hl7.org/CodeSystem/v2-0116"],
      "oids" : ["2.16.840.1.113883.21.51"],
      "sources" : ["2.16.840.1.113883.21.51"],
      "uses" : {
      },
      "StructureDefinition-location-with-complex-extension.html" : "Location with Complex Extension"
    },
    {
      "url" : "http://terminology.hl7.org/ValueSet/v3-ServiceDeliveryLocationRoleType",
      "version" : "3.0.0",
      "status" : "active",
      "name" : "ServiceDeliveryLocationRoleType",
      "title" : "ServiceDeliveryLocationRoleType",
      "description" : "A role of a place that further classifies the setting (e.g., accident site, road side, work site, community location) in which services are delivered.",
      "systems" : ["http://terminology.hl7.org/CodeSystem/v3-RoleCode"],
      "oids" : ["2.16.840.1.113883.1.11.17660"],
      "sources" : ["2.16.840.1.113883.1.11.17660"],
      "uses" : {
      },
      "StructureDefinition-location-with-complex-extension.html" : "Location with Complex Extension"
    }
  ]
}
