<?xml version="1.0" encoding="UTF-8"?><SearchParameter xmlns="http://hl7.org/fhir"><id value="SP-related-location-type"/><text><status value="generated"/><div xmlns="http://www.w3.org/1999/xhtml"><h2>related-location-type</h2><p>Parameter <code>related-location-type</code>:<code>token</code></p><div><p>Search on related location type</p>
</div><table class="grid"><tr><td>Resource</td><td><a href="http://hl7.org/fhir/R4/bundle.html">Bundle</a></td></tr><tr><td>Expression</td><td><code>Location.extension.where(url='http://example.com/fhir/example/StructureDefinition/related-location').extension.where(url='relationshipType').valueCoding</code></td></tr><tr><td>Multiples</td><td><ul><li>multipleAnd: It's up to the server whether the parameter may repeat in order to specify multiple values that must all be true</li><li>multipleOr: It's up to the server whether the parameter can have multiple values (separated by comma) where at least one must be true</li></ul></td></tr></table></div></text><url value="http://example.com/fhir/example/SearchParameter/SP-related-location-type"/><version value="1.0.0"/><name value="related-location-type"/><status value="active"/><experimental value="false"/><date value="2024-05-20T18:17:34+00:00"/><publisher value="My Organization"/><contact><name value="My Organization"/><telecom><system value="url"/><value value="http://example.com/committees"/></telecom><telecom><system value="email"/><value value="my-group@example.com"/></telecom></contact><contact><name value="Bob Smith"/><telecom><system value="email"/><value value="bobsmith@example.com"/><use value="work"/></telecom></contact><description value="Search on related location type"/><jurisdiction><coding><system value="http://unstats.un.org/unsd/methods/m49/m49.htm"/><code value="001"/><display value="World"/></coding></jurisdiction><code value="related-location-type"/><base value="Bundle"/><type value="token"/><expression value="Location.extension.where(url='http://example.com/fhir/example/StructureDefinition/related-location').extension.where(url='relationshipType').valueCoding"/></SearchParameter>